,0_RfR 0,0_RfR 1,0_RfR 2,1_RfR 0,1_RfR 1,1_RfR 2,2_RfR 0,2_RfR 1,2_RfR 2,3_RfR 0,3_RfR 1,3_RfR 2,4_RfR 0,4_RfR 1,4_RfR 2,EWS_DaysToThreat,A.1_DikeIncrease 0,A.1_DikeIncrease 1,A.1_DikeIncrease 2,A.2_DikeIncrease 0,A.2_DikeIncrease 1,A.2_DikeIncrease 2,A.3_DikeIncrease 0,A.3_DikeIncrease 1,A.3_DikeIncrease 2,A.4_DikeIncrease 0,A.4_DikeIncrease 1,A.4_DikeIncrease 2,A.5_DikeIncrease 0,A.5_DikeIncrease 1,A.5_DikeIncrease 2,Evacuation Costs,Total investment costs,Expected Annual Damage other dike rings,Expected Number of Deaths other dike rings,A.3_Expected Annual Damage,A.3_Expected Number of Deaths
0,0,0,0,0,0,0,1,0,1,0,0,0,0,0,0,3,2,0,0,0,0,0,0,0,0,1,0,0,2,0,0,3406.4007760390004,132554233.51442356,28202626.252838504,0.0035075310945191446,25966728.47359944,0.006739507852826732
1,0,0,0,0,0,0,0,0,0,0,0,0,0,0,0,1,1,0,0,0,0,0,0,0,0,0,0,0,0,0,0,5871.9399143946175,32694901.094161935,101615287.27421875,0.03843365241244428,110251932.28791106,0.08605453354880085
2,0,0,0,0,0,0,0,0,0,0,0,0,0,0,0,0,2,0,0,3,0,0,3,0,0,1,0,0,3,0,0,0.0,145968261.6036098,10774383.3244113,0.008143264871219354,6333228.623603873,0.0142456671253599
3,0,0,0,0,0,0,0,0,0,0,0,0,0,0,0,1,2,0,0,3,0,0,0,0,0,0,0,0,0,0,0,4357.858807503131,85097902.80020219,30602654.689849846,0.010825436258244678,120520017.87258536,0.09482497023884322
4,0,0,0,0,0,0,0,0,0,0,0,0,0,0,0,0,1,0,0,0,0,0,3,0,0,0,0,0,0,0,0,0.0,56892933.545523316,101615287.27421875,0.10676014559012299,0.0,0.0
5,0,0,0,0,0,0,0,0,1,0,0,0,0,0,0,1,0,0,0,0,0,0,0,0,0,0,0,0,0,0,0,2729.06087868824,30700000.0,218935003.10607097,0.06836485165987824,16858740.91537672,0.013102357355719168
6,0,0,0,0,0,0,0,0,0,0,0,0,0,0,0,1,2,0,0,0,0,0,0,0,0,1,0,0,0,0,0,5379.459982570066,43576003.54676832,73962772.52256171,0.030372081066760304,110251932.28791106,0.08605453354880085
7,0,0,0,0,0,0,0,0,0,0,0,0,0,0,0,1,2,0,0,3,0,0,0,0,0,0,0,0,1,0,0,3570.94890789899,110135116.88637592,9687312.682023847,0.0024965618972529525,120520017.87258536,0.09482497023884322
8,0,0,0,0,0,0,0,0,0,0,0,0,0,0,0,0,2,0,0,0,0,0,0,0,0,0,0,0,1,0,0,0.0,62292417.323275805,68960034.08490917,0.07552509858627879,110251932.28791106,0.2390403709688913
9,0,0,0,0,0,0,0,0,1,0,0,0,0,0,0,0,2,0,0,0,0,0,0,0,0,0,0,0,1,0,0,0.0,92992417.3232758,44469674.02124442,0.04373917675600218,42830182.451286234,0.09297998486918316
10,0,0,0,0,0,0,0,0,0,0,0,0,0,0,0,0,2,0,0,3,0,0,1,0,0,0,0,0,2,0,0,0.0,132975420.39517812,19760402.74621244,0.014073079404756796,60248825.27173919,0.13340212541630747
11,0,0,0,0,0,0,0,0,0,0,0,0,0,0,0,1,2,0,0,0,0,0,0,0,0,1,0,0,1,0,0,4945.6620521293335,68613217.63294205,62471089.34987533,0.025814536246318992,110251932.28791106,0.08605453354880085
12,0,0,0,0,0,0,0,0,0,0,0,0,0,0,0,0,2,0,0,1,0,0,1,0,0,3,0,0,2,0,0,0.0,131831250.48045012,22452093.36650528,0.026442874527349274,56704339.23634188,0.12542230678175997
13,0,0,0,0,0,0,0,0,0,0,0,0,0,0,0,1,0,0,0,0,0,0,0,0,0,1,0,0,0,0,0,5911.922550700683,6320800.309666242,252461698.9104512,0.08301340369763917,97680307.15501529,0.07608933776620595
14,0,0,0,0,0,0,0,0,0,0,0,0,0,0,0,1,2,0,0,0,0,0,0,0,0,0,0,0,0,0,0,5659.740860693639,37255203.23710208,80451717.25759555,0.031746580311501675,110251932.28791106,0.08605453354880085
15,0,0,0,0,0,0,0,0,0,0,0,0,0,0,0,1,2,0,0,1,0,0,0,0,0,0,0,0,0,0,0,5016.263052758026,75500325.18886614,51183882.40544632,0.0195305281348341,120359029.07254264,0.09459517573215329
16,0,0,0,0,0,0,0,0,0,0,0,0,0,0,0,1,1,0,0,0,0,0,1,0,0,0,0,0,0,0,0,3721.5438983770155,52994188.72148262,101615287.27421875,0.03843365241244428,29751268.585980065,0.023525607613709285
17,0,0,0,0,0,0,0,0,1,0,0,0,0,0,0,0,2,0,0,0,0,0,1,0,0,1,0,0,1,0,0,0.0,119612505.26026274,32875501.896425363,0.036940145976629084,13633414.216559803,0.029829660050866194
18,0,0,0,0,0,0,0,0,1,0,0,0,0,0,0,0,1,0,0,0,0,0,0,0,0,0,0,0,1,0,0,0.0,88432115.18033567,65633244.037867606,0.0623143770363983,42830182.451286234,0.09297998486918316
19,0,0,0,0,0,0,0,0,1,0,0,0,0,0,0,1,0,0,0,0,0,0,1,0,0,0,0,0,0,0,0,2278.969493992008,50999287.62732069,218935003.10607097,0.06836485165987824,0.0,0.0
20,0,0,0,0,0,0,0,0,0,0,0,0,0,0,0,0,0,0,0,0,0,0,0,0,0,0,0,0,0,0,0,0.0,0.0,257271563.36801678,0.23338234494214977,97680307.15501529,0.21135927157279433
21,0,0,0,0,0,0,0,0,1,0,0,0,0,0,0,0,0,0,0,0,0,0,0,0,0,0,0,0,0,0,0,0.0,30700000.0,218935003.10607097,0.18990236572188401,16858740.91537672,0.03639543709921991
22,0,0,0,0,0,0,0,0,1,0,0,0,0,0,0,1,0,0,0,0,0,0,0,0,0,1,0,0,0,0,0,2519.249883448609,37020800.309666246,214125138.64850542,0.0673606111783435,16858740.91537672,0.013102357355719168
23,0,0,0,0,0,0,0,0,1,0,0,0,0,0,0,0,0,0,0,0,0,0,0,0,0,1,0,0,0,0,0,0.0,37020800.309666246,214125138.64850542,0.18711280882873194,16858740.91537672,0.03639543709921991
24,0,0,0,0,0,0,0,0,0,0,0,0,0,0,0,0,2,0,0,0,0,0,2,0,0,0,0,0,0,0,0,0.0,59423021.43590583,80451717.25759555,0.08818494530972688,0.0,0.0
25,0,0,0,0,0,0,0,0,0,0,0,0,0,0,0,1,0,0,0,0,0,0,1,0,0,0,0,0,0,0,0,3971.337529922712,20299287.62732069,257271563.36801678,0.0840176441791739,17179643.453084275,0.013560411831114382
26,0,0,0,0,0,0,0,0,0,0,0,0,0,0,0,0,2,0,0,0,0,0,0,0,0,1,0,0,0,0,0,0.0,43576003.54676832,73962772.52256171,0.08436689185211195,110251932.28791106,0.2390403709688913
27,0,0,0,0,0,0,0,0,0,0,0,0,0,0,0,0,2,0,0,0,1,0,0,0,0,0,0,0,0,0,0,0.0,75500325.18886614,60939827.35616274,0.06556262646404618,116989996.81099877,0.25485637501213654
28,0,0,0,0,0,0,0,0,0,0,0,0,0,0,0,0,2,0,0,0,0,0,1,0,0,1,0,0,0,0,0,0.0,63875291.174089015,73962772.52256171,0.08436689185211195,29751268.585980065,0.06534891003808135
29,0,0,0,0,0,0,0,0,0,0,0,0,0,0,0,0,2,0,0,1,0,0,1,0,0,2,0,0,2,0,0,0.0,130709923.00336385,22881708.900188833,0.026737240468412665,56704339.23634188,0.12542230678175997
30,0,0,0,0,0,0,0,0,0,0,0,0,0,0,0,1,0,0,0,0,0,0,0,0,0,0,0,0,0,0,0,6121.733545940314,0.0,257271563.36801678,0.0840176441791739,97680307.15501529,0.07608933776620595
31,0,0,0,0,0,0,0,0,0,0,0,0,0,0,0,0,2,0,0,0,0,0,1,0,0,0,0,0,0,0,0,0.0,57554490.86442277,80451717.25759555,0.08818494530972688,29751268.585980065,0.06534891003808135
32,0,0,0,0,0,0,0,0,0,0,0,0,0,0,0,1,1,0,0,2,0,0,0,0,0,0,0,0,0,0,0,4864.00652871175,75513316.76565973,60983285.06151365,0.021462885539723014,120520017.87258536,0.09482497023884322
33,0,0,0,0,0,0,0,0,0,0,0,0,0,0,0,0,0,0,0,0,0,0,0,0,0,1,0,0,0,0,0,0.0,6320800.309666242,252461698.9104512,0.2305927880489977,97680307.15501529,0.21135927157279433
34,0,0,0,0,0,0,0,0,0,0,0,0,0,0,0,1,2,0,0,2,0,0,0,0,1,1,0,0,2,0,0,3111.1993473433195,134271936.81324205,14071382.526831731,0.0055713047839228355,100429620.33896998,0.07922490187585238
35,0,0,0,0,0,0,0,0,0,0,0,0,0,0,0,1,1,0,0,0,0,0,0,0,0,1,0,0,0,0,0,5591.659036271047,39015701.403828174,95126342.5391849,0.037059153167702905,110251932.28791106,0.08605453354880085
36,0,0,0,0,0,0,0,0,0,0,0,0,0,0,0,0,2,0,0,1,0,0,0,0,0,0,0,0,1,0,0,0.0,100537539.27503987,30268540.39762031,0.03111570492733992,120359029.07254264,0.2627643770337591
37,0,0,0,0,0,0,0,0,0,0,0,0,0,0,0,0,2,0,0,3,0,0,0,0,0,1,0,0,0,0,0,0.0,91418703.10986844,24113709.954816006,0.026252602815286966,120520017.87258536,0.2634026951078979
38,0,0,0,0,0,0,0,0,0,0,0,0,0,0,0,0,2,0,0,2,0,0,4,0,0,0,0,0,2,0,0,0.0,134055228.41856156,29350934.07338827,0.025450011524365816,0.0,0.0
39,0,0,0,0,0,0,0,0,0,0,0,0,0,0,0,1,2,0,0,3,0,0,0,1,0,0,0,0,2,0,0,2771.8973500217953,132975420.39517812,16402706.058149576,0.004209726356225948,80339222.80535458,0.06362483351286154
40,0,0,0,0,0,0,0,0,0,0,0,0,0,0,0,1,2,0,0,0,3,0,0,0,0,0,0,0,1,0,0,4122.613582016962,110135116.8863759,29444886.482985623,0.01072738642852209,117097322.67769393,0.09190149134216244
41,0,0,0,0,0,0,0,0,0,0,0,0,0,0,0,0,2,0,0,4,0,0,0,0,0,0,0,0,0,0,0,0.0,90613776.83731297,28731789.03894103,0.027808592513856558,120520017.87258536,0.2634026951078979
42,0,0,0,0,0,0,0,0,0,0,0,0,0,0,0,1,2,0,0,3,0,0,1,0,0,0,0,0,2,0,0,2372.3715710831975,132975420.39517812,19760402.74621244,0.005066308585712446,60248825.27173919,0.048024765149870696
43,0,0,0,0,0,0,0,0,0,0,0,0,0,0,0,0,2,0,0,2,0,0,3,0,0,0,0,0,2,0,0,0.0,131849881.32761651,29350934.07338827,0.025450011524365816,6333228.623603873,0.0142456671253599
44,0,0,0,0,0,0,0,0,0,0,0,0,0,0,0,0,2,0,0,3,0,0,0,0,0,0,0,0,0,0,0,0.0,85097902.80020219,30602654.689849846,0.030070656272901886,120520017.87258536,0.2634026951078979
45,0,0,0,0,0,0,0,0,0,0,0,0,0,0,0,1,2,0,0,2,0,0,0,2,0,0,0,0,2,0,0,2549.0547174848125,129819667.07505888,25810256.021545373,0.008234223465321194,60505043.74803455,0.047941095103722006
46,0,0,0,0,0,0,0,0,0,0,0,0,0,0,0,0,2,0,0,1,0,0,0,0,0,0,0,0,0,0,0,0.0,75500325.18886614,51183882.40544632,0.05425146704120583,120359029.07254264,0.2627643770337591
47,0,0,0,0,0,0,0,0,0,0,0,0,0,0,0,1,2,0,0,1,0,0,0,1,0,1,0,0,2,0,0,2883.618849077531,129698643.09350832,25516266.711271685,0.010243688411868356,77922569.18174213,0.06163307887167349
48,0,0,0,0,0,0,0,0,0,0,0,0,0,0,0,0,2,0,0,3,0,0,0,1,0,3,0,0,2,0,0,0.0,141428828.09178618,3077403.048518898,0.0036216437333660327,80339222.80535458,0.1767356486468376
49,0,0,0,0,0,0,0,0,0,0,0,0,0,0,0,0,1,0,0,0,0,0,0,0,0,0,0,0,0,0,0,0.0,32694901.094161935,101615287.27421875,0.10676014559012299,110251932.28791106,0.2390403709688913
50,0,0,0,0,0,0,0,0,1,0,0,0,0,0,0,0,2,0,0,0,0,0,0,0,0,1,0,0,1,0,0,0.0,99313217.63294205,32875501.896425363,0.036940145976629084,42830182.451286234,0.09297998486918316
51,0,0,0,0,0,0,0,0,0,0,0,0,0,0,0,0,2,0,0,2,0,0,2,0,0,2,0,0,3,0,0,0.0,139925043.3693054,12070591.544593396,0.013911979763658926,30497556.685759142,0.06805321537822612
52,0,0,0,0,0,0,0,0,0,0,0,0,0,0,0,1,2,0,0,0,3,0,0,0,0,1,0,0,0,0,0,4511.538613776394,91418703.10986844,40730064.144064575,0.01642465169792231,117097322.67769393,0.09190149134216244
53,0,0,0,0,0,0,0,0,0,0,0,0,0,0,0,0,2,0,0,0,4,0,0,0,0,0,0,0,1,0,0,0.0,115650990.92348671,28197642.715713076,0.02829025312875336,117097322.67769393,0.25528192039489567
54,0,0,0,0,0,0,0,0,0,0,0,0,0,0,0,0,2,0,0,3,0,0,4,0,0,0,0,0,3,0,0,0.0,141852808.38488862,18487858.587927304,0.012614403360501045,0.0,0.0
55,0,0,0,0,0,0,0,0,0,0,0,0,0,0,0,0,2,0,0,3,0,0,0,0,0,1,0,0,1,0,0,0.0,116455917.19604217,3198367.94699001,0.003116840701421058,120520017.87258536,0.2634026951078979
56,0,0,0,0,0,0,0,0,0,0,0,0,0,0,0,0,2,0,0,2,0,0,0,0,0,0,0,0,1,0,0,0.0,105110832.99477361,18904373.037064448,0.017908164104968587,120520017.87258536,0.2634026951078979
57,0,0,0,0,0,0,0,0,0,0,0,0,0,0,0,1,0,0,0,1,0,0,0,0,0,0,0,0,0,0,0,4388.999949579099,38245121.951764055,203767549.95229924,0.062209683001372335,97680307.15501529,0.07608933776620595
58,0,0,0,0,0,0,0,0,0,0,0,0,0,0,0,1,2,0,0,3,0,0,0,1,0,2,0,0,3,0,0,2188.337256512077,143080796.68942463,2525976.0100048017,0.0009767380073397553,80339222.80535458,0.06362483351286154
59,0,0,0,0,0,0,0,0,0,0,0,0,0,0,0,1,2,0,0,2,0,0,0,0,0,0,0,0,0,0,0,4651.807475010771,80073618.90859988,39819715.04489044,0.014775813438780417,120520017.87258536,0.09482497023884322
60,0,0,0,0,0,0,0,0,0,0,0,0,0,0,0,0,2,0,0,0,0,0,0,0,0,1,0,0,1,0,0,0.0,68613217.63294205,62471089.34987533,0.07170704512866385,110251932.28791106,0.2390403709688913
61,0,0,0,0,0,0,0,0,0,0,0,0,0,0,0,1,2,0,0,2,0,0,1,0,0,0,0,0,2,0,0,2666.3202385908385,127951136.50357582,28977463.10125304,0.009016685766248185,60248825.27173919,0.048024765149870696
62,0,0,0,0,0,0,0,0,0,0,0,0,0,0,0,0,2,0,0,3,0,0,0,3,0,0,0,0,2,0,0,0.0,136874165.21921882,16743423.176994741,0.012061944838561382,44395491.7065977,0.09729800978620588
63,0,0,0,0,0,0,0,0,0,0,0,0,0,0,0,0,2,0,0,2,0,0,0,0,1,0,0,0,2,0,0,0.0,127951136.50357582,22262069.725127313,0.020287559186875526,100429620.33896998,0.22006917187736774
64,0,0,0,0,0,0,0,0,0,0,0,0,0,0,0,1,2,0,0,4,0,0,0,0,0,2,0,0,0,0,0,3964.6032525242317,97945857.05683474,20915342.007825997,0.008328874360991726,120520017.87258536,0.09482497023884322
65,0,0,0,0,0,0,0,0,0,0,0,0,0,0,0,0,2,0,0,3,0,0,3,0,0,2,0,0,3,0,0,0.0,146979541.51346534,8420136.888027439,0.008537120376237717,6333228.623603873,0.0142456671253599
66,0,0,0,0,0,0,0,0,0,0,0,0,0,0,0,1,2,0,0,0,0,0,0,0,0,0,0,0,1,0,0,5225.942930252905,62292417.323275805,68960034.08490917,0.027189035491060363,110251932.28791106,0.08605453354880085
67,0,0,0,0,0,0,0,0,0,0,0,0,0,0,0,0,2,0,0,3,0,0,0,0,0,0,0,0,1,0,0,0.0,110135116.88637592,9687312.682023847,0.00693489415903598,120520017.87258536,0.2634026951078979
68,0,0,0,0,0,0,0,0,0,0,0,0,0,0,0,1,2,0,0,0,1,0,0,0,0,0,0,0,0,0,0,5230.75565540323,75500325.18886614,60939827.35616274,0.023602545527056627,116989996.81099877,0.09174829500436915
69,0,0,0,0,0,0,0,0,0,0,0,0,0,0,0,0,2,0,0,1,0,0,0,0,0,1,0,0,0,0,0,0.0,81821125.49853238,44694937.67041248,0.050433413583590915,120359029.07254264,0.2627643770337591
70,0,0,0,0,0,0,0,0,0,0,0,0,0,0,0,0,2,0,0,2,0,0,4,0,0,3,0,0,3,0,0,0.0,145281932.18989435,11087926.005949415,0.013235333704977936,0.0,0.0
71,0,0,0,0,0,0,0,0,0,0,0,0,0,0,0,0,2,0,0,0,3,0,0,0,0,0,0,0,1,0,0,0.0,110135116.8863759,29444886.482985623,0.02979829563478358,117097322.67769393,0.25528192039489567
72,0,0,0,0,0,0,0,0,0,0,0,0,0,0,0,0,2,0,0,3,0,0,0,0,0,2,0,0,0,0,0,0.0,92429983.01972397,22786207.658734813,0.025397825872911235,120520017.87258536,0.2634026951078979
73,0,0,0,0,0,0,0,0,0,0,0,0,0,0,0,0,0,0,0,2,0,0,0,0,0,0,0,0,0,0,0,0.0,42818415.6714978,201988028.34776762,0.1707505804796498,97680307.15501529,0.21135927157279433
74,0,0,0,0,0,0,0,0,0,0,0,0,0,0,0,0,2,0,0,1,0,0,3,0,0,3,0,0,2,0,0,0.0,135729995.3044908,22452093.36650528,0.026442874527349274,2788742.5882065436,0.006265848490812403
75,0,0,0,0,0,0,0,0,0,0,0,0,0,0,0,1,2,0,0,2,0,0,0,0,1,2,0,0,2,0,0,3029.0002406525264,135283216.7230976,12018749.88430245,0.005090642056211503,100429620.33896998,0.07922490187585238
76,0,0,0,0,0,0,0,0,0,0,0,0,0,0,0,0,2,0,0,0,0,0,0,0,0,0,0,0,0,0,0,0.0,37255203.23710208,80451717.25759555,0.08818494530972688,110251932.28791106,0.2390403709688913
77,0,0,0,0,0,0,0,0,0,0,0,0,0,0,0,0,2,0,0,2,0,0,1,0,0,0,0,0,2,0,0,0.0,127951136.50357582,28977463.10125304,0.025046349350689404,60248825.27173919,0.13340212541630747
78,0,0,0,0,0,0,0,0,1,0,0,0,0,0,0,0,2,0,0,3,0,0,0,0,0,3,0,0,3,0,0,0.0,154602836.53919023,0.0,0.0,59137140.138494365,0.12899431125089145
79,0,0,0,0,0,0,0,0,0,0,0,0,0,0,0,1,1,0,0,3,0,0,0,0,0,0,0,0,0,0,0,4570.05786120411,80537600.65726204,51766224.70647304,0.01751250835918728,120520017.87258536,0.09482497023884322
80,0,0,0,0,0,0,0,0,0,0,0,0,0,0,0,1,2,0,0,0,3,0,0,0,0,2,0,0,0,0,0,4475.803231054748,92429983.01972395,39845062.61334378,0.016219505231752133,117097322.67769393,0.09190149134216244
81,0,0,0,0,0,0,0,0,0,0,0,0,0,0,0,1,2,0,0,2,0,0,1,0,0,3,0,0,3,0,0,1920.469788931609,139177840.2749086,11087926.005949415,0.0047647201337920565,60248825.27173919,0.048024765149870696
82,0,0,0,0,0,0,0,0,0,0,0,0,0,0,0,0,2,0,0,3,0,0,1,0,0,2,0,0,2,0,0,0.0,140307500.6146999,4663337.28596792,0.004978079779207376,60248825.27173919,0.13340212541630747
83,0,0,0,0,0,0,0,0,0,0,0,0,0,0,0,0,2,0,0,4,0,0,1,0,0,3,0,0,2,0,0,0.0,146944702.12889695,1809806.0964151244,0.002039369961481059,60248825.27173919,0.13340212541630747
84,0,0,0,0,0,0,0,0,0,0,0,0,0,0,0,0,2,0,0,2,0,0,1,0,0,2,0,0,3,0,0,0.0,138056512.79782233,12070591.544593396,0.013911979763658926,60248825.27173919,0.13340212541630747
85,0,0,0,0,0,0,0,0,0,0,0,0,0,0,0,1,2,0,0,1,0,0,0,0,1,2,0,0,2,0,0,3334.1464553631286,130709923.00336385,22595298.544399798,0.009554758742773345,99140799.12714238,0.07811412730191339
86,0,0,0,0,0,0,0,0,0,0,0,0,0,0,0,1,2,0,0,1,0,0,0,0,0,1,0,0,1,0,0,3949.072275030313,106858339.58470611,23779595.66258648,0.009827154529101,120359029.07254264,0.09459517573215329
87,0,0,0,0,0,0,0,0,0,0,0,0,0,0,0,0,2,0,0,2,0,0,0,0,0,0,0,0,0,0,0,0.0,80073618.90859988,39819715.04489044,0.041043926218834494,120520017.87258536,0.2634026951078979
88,0,0,0,0,0,0,0,0,0,0,0,0,0,0,0,0,2,0,0,1,0,0,0,0,0,1,0,0,1,0,0,0.0,106858339.58470611,23779595.66258648,0.027297651469725008,120359029.07254264,0.2627643770337591
89,0,0,0,0,0,0,0,0,0,0,0,0,0,0,0,0,2,0,0,0,0,0,1,0,0,1,0,0,1,0,0,0.0,88912505.26026274,62471089.34987533,0.07170704512866385,29751268.585980065,0.06534891003808135
90,0,0,0,0,0,0,0,0,0,0,0,0,0,0,0,1,2,0,0,2,0,0,0,0,3,0,0,0,2,0,0,2999.247824822842,131849881.32761651,22386560.04917239,0.007351960768116358,82457754.78959152,0.06492612688093867
91,0,0,0,0,0,0,0,0,0,0,0,0,0,0,0,1,2,0,0,1,0,0,0,0,0,0,0,0,1,0,0,4229.353153153885,100537539.27503987,30268540.39762031,0.011201653773842371,120359029.07254264,0.09459517573215329
92,0,0,0,0,0,0,0,0,0,0,0,0,0,0,0,1,2,0,0,3,0,0,0,0,0,1,0,0,0,0,0,4077.577929379559,91418703.10986844,24113709.954816006,0.009450937013503306,120520017.87258536,0.09482497023884322
93,0,0,0,0,0,0,0,0,0,0,0,0,0,0,0,1,2,0,0,1,0,0,0,0,0,2,0,0,1,0,0,3895.4692009478426,107869619.49456164,22452093.36650528,0.009519434829845737,120359029.07254264,0.09459517573215329
94,0,0,0,0,0,0,0,0,0,0,0,0,0,0,0,0,2,0,0,3,0,0,0,0,0,2,0,0,1,0,0,0.0,117467197.1058977,1870865.6509088152,0.0022620637590453274,120520017.87258536,0.2634026951078979
95,0,0,0,0,0,0,0,0,0,0,0,0,0,0,0,0,2,0,0,0,0,0,1,0,0,0,0,0,1,0,0,0.0,82591704.9505965,68960034.08490917,0.07552509858627879,29751268.585980065,0.06534891003808135
96,0,0,0,0,0,0,0,0,0,0,0,0,0,0,0,0,2,0,0,3,0,0,1,0,0,3,0,0,2,0,0,0.0,141428828.09178618,3680671.7473239396,0.004301433720526386,60248825.27173919,0.13340212541630747
97,0,0,0,0,0,0,0,0,1,0,0,0,0,0,0,0,2,0,0,0,0,0,1,0,0,2,0,0,1,0,0,0.0,120623785.17011827,30900785.700336915,0.03566524405273771,13633414.216559803,0.029829660050866194
98,0,0,0,0,0,0,0,0,0,0,0,0,0,0,0,0,2,0,0,2,0,0,0,2,0,0,0,0,2,0,0,0.0,129819667.07505888,25810256.021545373,0.02287284295922554,60505043.74803455,0.13316970862145003
99,0,0,0,0,0,0,0,0,0,0,0,0,0,0,0,1,2,0,0,4,0,0,1,0,0,2,0,0,3,0,0,1604.601804148785,148596670.7265354,982665.5386439799,0.00024359258112515635,60248825.27173919,0.048024765149870696
100,0,0,0,0,0,0,0,0,0,0,0,0,0,0,0,1,2,0,0,2,0,0,0,0,0,2,0,0,0,0,0,4317.923522804729,87405699.12812166,32003268.013775412,0.013093594494783783,120520017.87258536,0.09482497023884322
101,0,0,0,0,0,0,0,0,0,0,0,0,0,0,0,1,2,0,0,2,0,0,1,0,0,1,0,0,2,0,0,2164.3646474638417,134271936.81324208,17383290.976433974,0.006569034685673868,60248825.27173919,0.048024765149870696
102,0,0,0,0,0,0,0,0,0,0,0,0,0,0,0,0,2,0,0,2,0,0,0,3,0,0,0,0,2,0,0,0.0,131849881.32761651,25868747.061280333,0.02293606238456674,44395491.7065977,0.09729800978620588
103,0,0,0,0,0,0,0,0,0,0,0,0,0,0,0,0,2,0,0,2,0,0,1,0,0,1,0,0,2,0,0,0.0,134271936.81324208,17383290.976433974,0.018247318571316302,60248825.27173919,0.13340212541630747
104,0,0,0,0,0,0,0,0,0,0,0,0,0,0,0,1,2,0,0,3,0,0,0,2,0,0,0,0,2,0,0,2255.106049977172,134843950.96666119,16593195.66650477,0.004283846284785455,60505043.74803455,0.047941095103722006
105,0,0,0,0,0,0,0,0,0,0,0,0,0,0,0,1,2,0,0,2,0,0,0,0,0,0,0,0,1,0,0,3864.8975754066305,105110832.99477361,18904373.037064448,0.006446939077788691,120520017.87258536,0.09482497023884322
106,0,0,0,0,0,0,0,0,0,0,0,0,0,0,0,1,1,0,0,3,0,0,0,0,0,0,0,0,1,0,0,3783.1479615999697,105574814.74343577,30850882.698647037,0.009183633998195552,120520017.87258536,0.09482497023884322
107,0,0,0,0,0,0,0,0,0,0,0,0,0,0,0,1,2,0,0,3,0,0,0,0,0,1,0,0,1,0,0,3290.6680297754183,116455917.19604217,3198367.94699001,0.0011220626525115809,120520017.87258536,0.09482497023884322
108,0,0,0,0,0,0,0,0,0,0,0,0,0,0,0,1,2,0,0,3,0,0,1,0,0,3,0,0,3,0,0,1626.5211214239685,144202124.1665109,1870865.6509088152,0.0008143429532563179,60248825.27173919,0.048024765149870696
109,0,0,0,0,0,0,0,0,0,0,0,0,0,0,0,0,2,0,0,0,3,0,0,0,0,1,0,0,0,0,0,0.0,91418703.10986844,40730064.144064575,0.04562403249422863,117097322.67769393,0.25528192039489567
110,0,0,0,0,0,0,0,0,0,0,0,0,0,0,0,0,2,0,0,3,0,0,2,0,0,2,0,0,2,0,0,0.0,142176031.18618298,4663337.28596792,0.004978079779207376,30497556.685759142,0.06805321537822612
111,0,0,0,0,0,0,0,0,0,0,0,0,0,0,0,1,2,0,0,0,2,0,0,0,0,3,0,0,0,0,0,4671.769009393174,88527026.60520792,45989769.51670419,0.018853090018775956,117097322.67769393,0.09190149134216244
112,0,0,0,0,0,0,0,0,0,0,0,0,0,0,0,1,2,0,0,2,0,0,1,0,0,3,0,0,2,0,0,1987.5211900587292,136404544.20018387,12897732.10236454,0.005498893319925238,60248825.27173919,0.048024765149870696
113,0,0,0,0,0,0,0,0,0,0,0,0,0,0,0,0,2,0,0,1,0,0,0,0,0,2,0,0,0,0,0,0.0,82832405.40838791,43367435.37433128,0.04957863664121518,120359029.07254264,0.2627643770337591
114,0,0,0,0,0,0,0,0,0,0,0,0,0,0,0,0,2,0,0,3,0,0,3,0,0,0,0,0,2,0,0,0.0,136874165.21921882,20271478.42448019,0.014625470178324084,6333228.623603873,0.0142456671253599
115,0,0,0,0,0,0,0,0,0,0,0,0,0,0,0,1,0,0,0,0,0,0,1,0,0,1,0,0,0,0,0,3761.526534683081,26620087.93698693,252461698.9104512,0.08301340369763917,17179643.453084275,0.013560411831114382
116,0,0,0,0,0,0,0,0,0,0,0,0,0,0,0,0,2,0,0,3,0,0,2,0,0,2,0,0,3,0,0,0.0,144949327.2609077,2853531.189552795,0.002938709817726317,30497556.685759142,0.06805321537822612
117,0,0,0,0,0,0,0,0,0,0,0,0,0,0,0,2,2,0,0,0,5,0,0,0,0,3,0,0,1,0,0,6253.835575699276,130155927.95062314,20823696.449958444,0.0035853522564331932,117097322.67769393,0.03829228805923436
118,0,0,0,0,0,0,0,0,0,0,0,0,0,0,0,1,0,0,0,1,0,0,0,0,0,1,0,0,0,0,0,4179.188954339468,44565922.26143029,198957685.49473372,0.061205442519837595,97680307.15501529,0.07608933776620595
119,0,0,0,0,0,0,0,0,0,0,0,0,0,0,0,1,2,0,0,4,0,0,0,0,1,2,0,0,2,0,0,2675.679970372029,145823374.65181068,930823.8783530348,0.0003259219224194458,100429620.33896998,0.07922490187585238
120,0,0,0,0,0,0,0,0,0,0,0,0,0,0,0,1,2,0,0,2,0,0,0,1,0,1,0,0,2,0,0,2637.781997403581,134271936.81324205,15727336.751632852,0.006070169734798352,80339222.80535458,0.06362483351286154
121,0,0,0,0,0,0,0,0,0,0,0,0,0,0,0,1,1,0,0,3,0,0,0,0,0,2,0,0,0,0,0,4236.173908998068,87869680.87678382,43949777.675358,0.015830289415190643,120520017.87258536,0.09482497023884322
122,0,0,0,0,0,0,0,0,0,0,0,0,0,0,0,0,2,0,0,0,3,0,0,0,0,1,0,0,1,0,0,0.0,116455917.19604215,22955941.74795179,0.025980242177168662,117097322.67769393,0.25528192039489567
123,0,0,0,0,0,0,0,0,0,0,0,0,0,0,0,0,2,0,0,4,0,0,0,0,0,1,0,0,1,0,0,0.0,121971791.23315294,1327502.2960811951,0.0008547769423757309,120520017.87258536,0.2634026951078979
124,0,0,0,0,0,0,0,0,0,0,0,0,0,0,0,0,2,0,0,0,0,0,2,0,0,1,0,0,0,0,0,0.0,65743821.745572075,73962772.52256171,0.08436689185211195,0.0,0.0
125,0,0,0,0,0,0,0,0,0,0,0,0,0,0,0,1,2,0,0,3,0,0,0,0,0,2,0,0,1,0,0,3237.0649556929475,117467197.1058977,1870865.6509088152,0.0008143429532563179,120520017.87258536,0.09482497023884322
126,0,0,0,0,0,0,0,0,0,0,0,0,0,0,0,0,2,0,0,2,0,0,2,0,0,0,0,0,2,0,0,0.0,129819667.07505888,29263197.51378583,0.025355182386354015,30497556.685759142,0.06805321537822612
127,0,0,0,0,0,0,0,0,0,0,0,0,0,0,0,0,2,0,0,1,0,0,0,0,0,2,0,0,1,0,0,0.0,107869619.49456164,22452093.36650528,0.026442874527349274,120359029.07254264,0.2627643770337591
128,0,0,0,0,0,0,0,0,0,0,0,0,0,0,0,1,2,0,0,4,0,0,6,0,0,3,0,0,4,0,0,0.0,163843098.8098297,0.0,0.0,0.0,0.0
129,0,0,0,0,0,0,0,0,0,0,0,0,0,0,0,0,2,0,0,3,0,0,0,1,0,0,0,0,2,0,0,0.0,132975420.39517812,16402706.058149576,0.011693684322849856,80339222.80535458,0.1767356486468376
130,0,0,0,0,0,0,0,0,1,0,0,0,0,0,0,0,2,0,0,0,0,0,0,0,0,2,0,0,1,0,0,0.0,100324497.54279758,30900785.700336915,0.03566524405273771,42830182.451286234,0.09297998486918316
131,0,0,0,0,0,0,0,0,0,0,0,0,0,0,0,1,2,0,0,4,0,0,0,0,0,0,0,0,1,0,0,3511.577305126133,115650990.9234867,7816447.031115033,0.0016822189439966344,120520017.87258536,0.09482497023884322
132,0,0,0,0,0,0,0,0,0,0,0,0,0,0,0,1,2,0,0,0,3,0,0,0,0,0,0,0,0,0,0,4791.819491899967,85097902.80020219,47219008.879098415,0.01779915094266368,117097322.67769393,0.09190149134216244
133,0,0,0,0,0,0,0,0,0,0,0,0,0,0,0,1,2,0,0,3,0,0,1,0,0,1,0,0,2,0,0,1870.4159799562012,139296220.70484436,8166230.621393374,0.0026186575051381296,60248825.27173919,0.048024765149870696
134,0,0,0,0,0,0,0,0,0,0,0,0,0,0,0,0,2,0,0,3,0,0,3,0,0,0,0,0,3,0,0,0.0,139647461.29394355,18461672.328065064,0.012586100216843024,6333228.623603873,0.0142456671253599
135,0,0,0,0,0,0,0,0,0,0,0,0,0,0,0,0,2,0,0,3,0,0,2,0,0,0,0,0,2,0,0,0.0,134843950.96666119,20046137.158745233,0.014381912440421408,30497556.685759142,0.06805321537822612
136,0,0,0,0,0,0,0,0,0,0,0,0,0,0,0,1,2,0,0,3,0,0,0,0,1,0,0,0,2,0,0,3171.4231289603927,132975420.39517812,13045009.370086713,0.0033531441267394503,100429620.33896998,0.07922490187585238
137,0,0,0,0,0,0,0,0,0,0,0,0,0,0,0,1,2,0,0,1,0,0,0,0,0,1,0,0,0,0,0,4735.982174634454,81821125.49853238,44694937.67041248,0.018156028890092726,120359029.07254264,0.09459517573215329
138,0,0,0,0,0,0,0,0,0,0,0,0,0,0,0,1,1,0,0,3,0,0,0,0,0,2,0,0,1,0,0,3449.264009393927,112906894.96295755,23034435.667532004,0.007501415054198918,120520017.87258536,0.09482497023884322
139,0,0,0,0,0,0,0,0,0,0,0,0,0,0,0,0,2,0,0,0,0,0,2,0,0,1,0,0,1,0,0,0.0,90781035.8317458,62471089.34987533,0.07170704512866385,0.0,0.0
140,0,0,0,0,0,0,0,0,0,0,0,0,0,0,0,1,2,0,0,3,0,0,0,0,0,2,0,0,0,0,0,4023.9748552970887,92429983.01972397,22786207.658734813,0.009143217314248043,120520017.87258536,0.09482497023884322
141,0,0,0,0,0,0,0,0,0,0,0,0,0,0,0,0,2,0,0,3,0,0,4,0,0,1,0,0,3,0,0,0.0,148173608.69455487,10800569.584273534,0.008171568014877381,0.0,0.0
142,0,0,0,0,0,0,0,0,0,0,0,0,0,0,0,0,2,0,0,4,0,0,0,0,0,2,0,0,1,0,0,0.0,122983071.14300847,0.0,0.0,120520017.87258536,0.2634026951078979
143,0,0,0,0,0,0,0,0,0,0,0,0,0,0,0,0,2,0,0,0,1,0,0,0,0,1,0,0,0,0,0,0.0,81821125.49853238,54450882.6211289,0.06174457300643126,116989996.81099877,0.25485637501213654
144,0,0,0,0,0,0,0,0,0,0,0,0,0,0,0,1,1,0,0,1,0,0,0,0,0,2,0,0,0,0,0,4894.578154252963,78272103.26544777,64531005.39095448,0.024535381291780064,120359029.07254264,0.09459517573215329
145,0,0,0,0,0,0,0,0,1,0,0,0,0,0,0,0,2,0,0,0,0,0,3,0,0,0,0,0,1,0,0,0.0,117190449.77463719,44469674.02124442,0.04373917675600218,0.0,0.0
146,0,0,0,0,0,0,0,0,0,0,0,0,0,0,0,1,1,0,0,2,0,0,0,0,0,2,0,0,0,0,0,4530.122576505708,82845396.98518151,53166838.03039861,0.019780666595726384,120520017.87258536,0.09482497023884322
147,0,0,0,0,0,0,0,0,0,0,0,0,0,0,0,0,2,0,0,3,0,0,4,0,0,0,0,0,2,0,0,0.0,139079512.31016386,20297664.68434243,0.014653773321982106,0.0,0.0
148,0,0,0,0,0,0,0,0,0,0,0,0,0,0,0,0,2,0,0,2,0,0,0,1,0,3,0,0,2,0,0,0.0,136404544.20018387,12294463.403559498,0.014594913679298643,80339222.80535458,0.1767356486468376
149,0,0,0,0,0,0,0,0,0,0,0,0,0,0,0,1,2,0,0,1,0,0,0,1,0,3,0,0,2,0,0,2761.858417176349,131831250.48045012,22452093.36650528,0.009519434829845737,77922569.18174213,0.06163307887167349
150,0,0,0,0,0,0,0,0,0,0,0,0,0,0,0,1,0,0,0,0,0,0,2,0,0,1,0,0,0,0,0,3310.0579328641606,28488618.508469995,252461698.9104512,0.08301340369763917,0.0,0.0
151,0,0,0,0,0,0,0,0,0,0,0,0,0,0,0,0,2,0,0,4,0,0,0,0,0,2,0,0,0,0,0,0.0,97945857.05683474,20915342.007825997,0.023135762113865907,120520017.87258536,0.2634026951078979
152,0,0,0,0,0,0,0,0,0,0,0,0,0,0,0,1,1,0,0,0,0,0,2,0,0,0,0,0,0,0,0,2941.1505009905372,54862719.29296569,101615287.27421875,0.03843365241244428,0.0,0.0
153,0,0,0,0,0,0,0,0,0,0,0,0,0,0,0,0,1,0,0,0,0,0,1,0,0,0,0,0,0,0,0,0.0,52994188.72148262,101615287.27421875,0.10676014559012299,29751268.585980065,0.06534891003808135
154,0,0,0,0,0,0,0,0,0,0,0,0,0,0,0,0,2,0,0,2,0,0,1,0,0,3,0,0,2,0,0,0.0,136404544.20018387,12897732.10236454,0.015274703666458996,60248825.27173919,0.13340212541630747
155,0,0,0,0,0,0,0,0,0,0,0,0,0,0,0,0,2,0,0,2,0,0,2,0,0,3,0,0,3,0,0,0.0,141046370.84639168,11087926.005949415,0.013235333704977936,30497556.685759142,0.06805321537822612
156,0,0,0,0,0,0,0,0,0,0,0,0,0,0,0,0,2,0,0,4,0,0,1,0,0,2,0,0,3,0,0,0.0,148596670.7265354,982665.5386439799,0.00067664605868099,60248825.27173919,0.13340212541630747
157,0,0,0,0,0,0,0,0,0,0,0,0,0,0,0,0,2,0,0,2,0,0,1,0,0,3,0,0,3,0,0,0.0,139177840.2749086,11087926.005949415,0.013235333704977936,60248825.27173919,0.13340212541630747
158,0,0,0,0,0,0,0,0,0,0,0,0,0,0,0,1,2,0,0,3,0,0,1,0,0,2,0,0,3,0,0,1663.9734069216415,143080796.68942463,2853531.189552795,0.001057935534381474,60248825.27173919,0.048024765149870696
159,0,0,0,0,0,0,0,0,0,0,0,0,0,0,0,0,2,0,0,3,0,0,1,0,0,2,0,0,3,0,0,0.0,143080796.68942463,2853531.189552795,0.002938709817726317,60248825.27173919,0.13340212541630747
160,0,0,0,0,0,0,0,0,0,0,0,0,0,0,0,1,2,0,0,4,0,0,1,0,0,3,0,0,3,0,0,1567.149518651112,149717998.2036217,0.0,0.0,60248825.27173919,0.048024765149870696
161,0,0,0,0,0,0,0,0,0,0,0,0,0,0,0,0,2,0,0,3,0,0,0,1,0,1,0,0,2,0,0,0.0,139296220.70484436,6510276.396592253,0.005888312650729482,80339222.80535458,0.1767356486468376
162,0,0,0,0,0,0,0,0,0,0,0,0,0,0,0,1,2,0,0,1,0,0,1,0,0,2,0,0,2,0,0,2211.5009641937004,130709923.00336385,22881708.900188833,0.009625406568628559,56704339.23634188,0.045152030441433594
163,0,0,0,0,0,0,0,0,0,0,0,0,0,0,0,1,2,0,0,2,0,0,1,0,0,2,0,0,2,0,0,2024.9734755564025,135283216.7230976,13880397.64100852,0.005742485901050394,60248825.27173919,0.048024765149870696
164,0,0,0,0,0,0,0,0,0,0,0,0,0,0,0,1,2,0,0,4,0,0,0,0,0,0,0,0,0,0,0,4298.487204730274,90613776.83731297,28731789.03894103,0.01001109330498836,120520017.87258536,0.09482497023884322
165,0,0,0,0,0,0,0,0,0,0,0,0,0,0,0,0,2,0,0,4,0,0,0,0,0,1,0,0,0,0,0,0.0,96934577.14697921,22242844.303907193,0.023990539056241638,120520017.87258536,0.2634026951078979
166,0,0,0,0,0,0,0,0,0,0,0,0,0,0,0,1,2,0,0,0,3,0,0,0,0,1,0,0,1,0,0,3842.3327038933903,116455917.19604215,22955941.74795179,0.009352887183780719,117097322.67769393,0.09190149134216244
167,0,0,0,0,0,0,0,0,0,0,0,0,0,0,0,1,2,0,0,2,0,0,0,0,1,1,0,0,1,0,0,3318.0706777277765,131730920.93176055,19629208.455328677,0.007813478937579098,100429620.33896998,0.07922490187585238
168,0,0,0,0,0,0,0,0,0,0,0,0,0,0,0,1,2,0,0,3,0,0,1,0,0,2,0,0,2,0,0,1731.0248080487618,140307500.6146999,4663337.28596792,0.001792108720514655,60248825.27173919,0.048024765149870696
169,0,0,0,0,0,0,0,0,0,0,0,0,0,0,0,1,2,0,0,3,0,0,1,0,0,3,0,0,2,0,0,1693.5725225510887,141428828.09178618,3680671.7473239396,0.0015485161393894989,60248825.27173919,0.048024765149870696
170,0,0,0,0,0,0,0,0,0,0,0,0,0,0,0,0,2,0,0,3,0,0,1,0,0,3,0,0,3,0,0,0.0,144202124.1665109,1870865.6509088152,0.0022620637590453274,60248825.27173919,0.13340212541630747
171,0,0,0,0,0,0,0,0,0,0,0,0,0,0,0,0,2,0,0,2,0,0,0,1,0,2,0,0,2,0,0,0.0,135283216.7230976,12949573.762655485,0.015046011051752635,80339222.80535458,0.1767356486468376
172,0,0,0,0,0,0,0,0,0,0,0,0,0,0,0,0,0,0,0,0,0,0,1,0,0,0,0,0,0,0,0,0.0,20299287.62732069,257271563.36801678,0.23338234494214977,17179643.453084275,0.0376678106419844
173,0,0,0,0,0,0,0,0,0,0,0,0,0,0,0,0,2,0,0,1,0,0,0,0,1,1,0,0,2,0,0,0.0,129698643.09350832,24647931.18692908,0.027876170751346335,99140799.12714238,0.21698368694975942
174,0,0,0,0,0,0,0,0,0,0,0,0,0,0,0,1,2,0,0,2,0,0,0,0,1,0,0,0,1,0,0,3672.2431268524897,125410120.6220943,27819895.65362426,0.009545695460931453,100429620.33896998,0.07922490187585238
175,0,0,0,0,0,0,0,0,0,0,0,0,0,0,0,0,2,0,0,0,3,0,0,0,0,0,0,0,0,0,0,0.0,85097902.80020219,47219008.879098415,0.04944208595184355,117097322.67769393,0.25528192039489567
176,0,0,0,0,0,0,0,0,0,0,0,0,0,0,0,0,2,0,0,2,0,0,2,0,0,2,0,0,2,0,0,0.0,137151747.29458064,13880397.64100852,0.015951349725139983,30497556.685759142,0.06805321537822612
177,0,0,0,0,0,0,0,0,0,0,0,0,0,0,0,1,2,0,0,2,0,0,0,1,0,3,0,0,2,0,0,2502.0186677726824,136404544.20018387,12294463.403559498,0.005254168924547511,80339222.80535458,0.06362483351286154
178,0,0,0,0,0,0,0,0,0,0,0,0,0,0,0,0,2,0,0,4,0,0,0,1,0,2,0,0,2,0,0,0.0,145823374.65181068,1861647.7567060697,0.0018106773467746991,80339222.80535458,0.1767356486468376
179,0,0,0,0,0,0,0,0,0,0,0,0,0,0,0,0,2,0,0,0,0,0,2,0,0,0,0,0,1,0,0,0.0,84460235.52207956,68960034.08490917,0.07552509858627879,0.0,0.0
180,0,0,0,0,0,0,0,0,0,0,0,0,0,0,0,0,2,0,0,3,0,0,0,0,1,3,0,0,1,0,0,0.0,138887812.21030465,8031960.278210802,0.009170115284139743,100429620.33896998,0.22006917187736774
181,0,0,0,0,0,0,0,0,0,0,0,0,0,0,0,0,2,0,0,4,0,0,2,0,0,2,0,0,3,0,0,0.0,150465201.2980185,982665.5386439799,0.00067664605868099,30497556.685759142,0.06805321537822612
182,0,0,0,0,0,0,0,0,0,0,0,0,0,0,0,0,2,0,0,4,0,0,0,0,0,0,0,0,1,0,0,0.0,115650990.9234867,7816447.031115033,0.004672830399990652,120520017.87258536,0.2634026951078979
183,0,0,0,0,0,0,0,0,0,0,0,0,0,0,0,1,2,0,0,2,0,0,0,1,0,0,0,0,2,0,0,3065.846017529436,127951136.50357582,25619766.41319018,0.008160103536761686,80339222.80535458,0.06362483351286154
184,0,0,0,0,0,0,0,0,0,0,0,0,0,0,0,1,2,0,0,3,0,0,0,1,0,3,0,0,2,0,0,2208.070000265042,141428828.09178618,3077403.048518898,0.0013037917440117718,80339222.80535458,0.06362483351286154
185,0,0,0,0,0,0,0,0,0,0,0,0,0,0,0,0,2,0,0,2,0,0,0,1,0,0,0,0,2,0,0,0.0,127951136.50357582,25619766.41319018,0.022666954268782465,80339222.80535458,0.1767356486468376
186,0,0,0,0,0,0,0,0,0,0,0,0,0,0,0,0,2,0,0,3,0,0,2,0,0,3,0,0,2,0,0,0.0,143297358.66326922,3680671.7473239396,0.004301433720526386,30497556.685759142,0.06805321537822612
187,0,0,0,0,0,0,0,0,0,0,0,0,0,0,0,0,2,0,0,3,0,0,0,1,0,2,0,0,3,0,0,0.0,143080796.68942463,2525976.0100048017,0.0027131611314993205,80339222.80535458,0.1767356486468376
188,0,0,0,0,0,0,0,0,0,0,0,0,0,0,0,0,2,0,0,3,0,0,3,0,0,3,0,0,3,0,0,0.0,148100868.99055162,5813876.827557158,0.0067362765205964854,6333228.623603873,0.0142456671253599
189,0,0,0,0,0,0,0,0,0,0,0,0,0,0,0,0,2,0,0,3,0,0,0,0,1,2,0,0,2,0,0,0.0,140307500.6146999,2801689.5292618503,0.003167402432432677,100429620.33896998,0.22006917187736774
190,0,0,0,0,0,0,0,0,0,0,0,0,0,0,0,0,2,0,0,3,0,0,0,1,0,2,0,0,2,0,0,0.0,140307500.6146999,3732513.407614885,0.004072741105820026,80339222.80535458,0.1767356486468376
191,0,0,0,0,0,0,0,0,0,0,0,0,0,0,0,0,2,0,0,1,0,0,2,0,0,3,0,0,2,0,0,0.0,133699781.05193318,22452093.36650528,0.026442874527349274,26953070.650361806,0.06007339674367861
192,0,0,0,0,0,0,0,0,0,0,0,0,0,0,0,1,2,0,0,1,0,0,1,0,0,1,0,0,2,0,0,2350.89213610114,129698643.09350832,26384602.23561429,0.010451955353252034,56704339.23634188,0.045152030441433594
193,0,0,0,0,0,0,0,0,0,0,0,0,0,0,0,0,2,0,0,1,0,0,3,0,0,2,0,0,2,0,0,0.0,134608667.82740456,22881708.900188833,0.026737240468412665,2788742.5882065436,0.006265848490812403
194,0,0,0,0,0,0,0,0,0,0,0,0,0,0,0,1,2,0,0,2,0,0,0,0,1,0,0,0,2,0,0,3465.371796468033,127951136.50357582,22262069.725127313,0.007303521307275189,100429620.33896998,0.07922490187585238
195,0,0,0,0,0,0,0,0,0,0,0,0,0,0,0,1,2,0,0,4,0,0,0,0,0,1,0,0,1,0,0,3231.2964270025614,121971791.23315294,1327502.2960811951,0.0003077196992552631,120520017.87258536,0.09482497023884322
196,0,0,0,0,0,0,0,0,0,0,0,0,0,0,0,1,2,0,0,2,0,0,0,1,0,2,0,0,2,0,0,2526.9868581044643,135283216.7230976,12949573.762655485,0.005416563978630948,80339222.80535458,0.06362483351286154
197,0,0,0,0,0,0,0,0,0,0,0,0,0,0,0,1,2,0,0,4,0,0,2,0,0,3,0,0,3,0,0,786.7561212646339,151586528.77510476,0.0,0.0,30497556.685759142,0.0244991575361614
198,0,0,0,0,0,0,0,0,0,0,0,0,0,0,0,1,1,0,0,3,0,0,0,0,0,1,0,0,1,0,0,3502.867083476398,111895615.05310202,24361937.9636132,0.007809134753454181,120520017.87258536,0.09482497023884322
199,0,0,0,0,0,0,0,0,0,0,0,0,0,0,0,1,2,0,0,1,0,0,0,0,0,2,0,0,0,0,0,4682.379100551983,82832405.40838791,43367435.37433128,0.017848309190837464,120359029.07254264,0.09459517573215329
200,0,0,0,0,0,0,0,0,0,0,0,0,0,0,0,1,2,0,0,0,4,0,0,0,0,1,0,0,1,0,0,3802.751635378152,121971791.23315296,21708697.980679244,0.008809991881609839,117097322.67769393,0.09190149134216244
201,0,0,0,0,0,0,0,0,0,0,0,0,0,0,0,1,2,0,0,2,0,0,4,0,0,2,0,0,3,0,0,390.77255577816993,144160604.71280807,12070591.544593396,0.005008312714917213,0.0,0.0
202,0,0,0,0,0,0,0,0,0,0,0,0,0,0,0,0,2,0,0,2,0,0,1,0,0,2,0,0,2,0,0,0.0,135283216.7230976,13880397.64100852,0.015951349725139983,60248825.27173919,0.13340212541630747
203,0,0,0,0,0,0,0,0,0,0,0,0,0,0,0,1,2,0,0,4,0,0,3,0,0,3,0,0,4,0,0,161.9724837981836,156642333.5424795,0.0,0.0,6333228.623603873,0.005128440165129563
204,0,0,0,0,0,0,0,1,0,0,0,0,0,0,0,0,2,0,0,0,0,0,1,0,0,0,0,0,1,0,0,0.0,113291704.9505965,44469674.02124442,0.04373917675600218,13633414.216559803,0.029829660050866194
205,0,0,0,0,0,0,0,0,0,0,0,0,0,0,0,1,2,0,0,2,0,0,0,0,1,3,0,0,2,0,0,3016.516145486635,136404544.20018387,11691194.704754457,0.0050094445291697836,100429620.33896998,0.07922490187585238
206,0,0,0,0,0,0,0,0,0,0,0,0,0,0,0,1,0,0,3,0,0,0,0,0,0,0,1,0,0,0,0,5804.372026403687,48612305.96404253,194565344.9336766,0.06580104298119113,101870848.86598054,0.0794110696937376
207,0,0,0,0,0,0,0,0,0,0,0,0,0,0,0,1,2,0,0,2,0,0,0,0,2,3,0,0,2,0,0,2756.3850130244755,138273074.77166694,11691194.704754457,0.0050094445291697836,90512530.81030995,0.07138303267128261
208,0,0,0,0,0,0,0,0,0,0,0,0,0,0,0,3,2,0,0,0,1,0,0,0,0,2,0,0,0,0,0,10136.650001275895,82832405.4083879,53565881.0904081,0.007340966605381694,116989996.81099877,0.03058276500145638
209,0,0,0,0,0,0,0,0,0,0,0,0,0,0,0,0,2,0,0,0,4,0,0,0,0,2,0,0,3,0,0,0.0,128297383.09921473,20823696.449958444,0.023902348376221287,117097322.67769393,0.25528192039489567
210,0,0,0,0,0,0,0,0,0,0,0,0,0,0,0,0,2,0,0,3,0,0,0,0,1,2,0,0,3,0,0,0.0,143080796.68942463,2198420.8304568087,0.002487612445272324,100429620.33896998,0.22006917187736774
211,0,0,0,0,0,0,0,0,0,0,0,0,0,0,0,1,1,0,0,3,0,0,0,0,0,1,0,0,0,0,0,4289.776983080539,86858400.96692829,45277279.9714392,0.01613800911444591,120520017.87258536,0.09482497023884322
212,0,0,0,0,0,0,0,0,0,0,0,0,0,0,0,0,2,0,0,1,0,0,3,0,0,1,0,0,2,0,0,0.0,133597387.91754901,28778393.98760165,0.030540315550246146,2788742.5882065436,0.006265848490812403
213,0,0,0,0,0,0,0,0,0,0,0,0,0,0,0,0,2,0,0,2,0,0,2,0,0,3,0,0,2,0,0,0.0,138273074.77166694,12897732.10236454,0.015274703666458996,30497556.685759142,0.06805321537822612
214,0,0,0,0,0,0,0,0,0,0,0,0,0,0,0,3,2,0,0,1,0,0,4,0,0,2,0,0,2,0,0,1515.761573729489,136814014.9183496,22881708.900188833,0.0032084688562095207,0.0,0.0
215,0,0,0,0,0,0,0,0,0,0,0,0,0,0,0,0,2,0,0,1,0,0,1,0,0,1,0,0,2,0,0,0.0,129698643.09350832,26384602.23561429,0.029033209314588988,56704339.23634188,0.12542230678175997
216,0,0,0,0,0,0,0,0,0,0,0,0,0,0,0,1,0,0,0,2,0,0,0,0,0,0,0,0,0,0,0,4331.702353870389,42818415.6714978,201988028.34776762,0.06147020897267393,97680307.15501529,0.07608933776620595
217,0,0,0,0,0,0,0,0,0,0,0,0,0,0,0,0,2,0,0,3,0,0,0,0,1,1,0,0,1,0,0,0.0,136755204.82336286,10412148.100288078,0.010730838214009334,100429620.33896998,0.22006917187736774
218,0,0,0,0,0,0,0,0,0,0,0,0,0,0,0,0,2,0,0,3,0,0,0,2,0,0,0,0,2,0,0,0.0,134843950.96666119,16593195.66650477,0.01189957301329293,60505043.74803455,0.13316970862145003
219,0,0,0,0,0,0,0,0,0,0,0,0,0,0,0,1,2,0,0,3,0,0,0,1,0,1,0,0,2,0,0,2343.8333298959406,139296220.70484436,6510276.396592253,0.0021197925542626134,80339222.80535458,0.06362483351286154
220,0,0,0,0,0,0,0,0,0,0,0,0,0,0,0,1,2,0,0,3,0,0,0,0,1,2,0,0,3,0,0,2712.7011061025123,143080796.68942463,2198420.8304568087,0.0008955404802980366,100429620.33896998,0.07922490187585238
221,0,0,0,0,0,0,0,0,0,0,0,0,0,0,0,1,2,0,0,3,0,0,0,0,1,0,0,0,1,0,0,3378.294459344849,130434404.51369661,18602835.298583657,0.005595318280395714,100429620.33896998,0.07922490187585238
222,0,0,0,0,0,0,0,0,0,0,0,0,0,0,0,0,2,0,0,3,0,0,1,0,0,1,0,0,2,0,0,0.0,139296220.70484436,8166230.621393374,0.007274048625383694,60248825.27173919,0.13340212541630747
223,0,0,0,0,0,0,0,0,0,0,0,0,0,0,0,0,2,0,0,3,0,0,4,0,0,2,0,0,3,0,0,0.0,149184888.60441038,8446323.147889674,0.00856542351989574,0.0,0.0
224,0,0,0,0,0,0,0,0,0,0,0,0,0,0,0,0,2,0,0,0,0,3,0,0,0,2,0,0,0,0,0,0.0,92429983.01972395,56903917.56795275,0.06471053652571171,113674627.4828025,0.2471611456818935
225,0,0,0,0,0,0,0,0,0,0,0,0,0,0,0,2,2,0,0,1,0,0,1,0,0,3,0,0,2,0,0,3644.1309990176,131831250.48045012,22452093.36650528,0.003966431179102391,56704339.23634188,0.018813346017263997
226,0,0,0,0,0,0,0,0,0,0,0,0,0,0,0,0,2,0,0,3,0,0,0,0,1,0,0,0,2,0,0,0.0,132975420.39517812,13045009.370086713,0.009314289240942918,100429620.33896998,0.22006917187736774
227,0,0,0,0,0,0,0,0,0,0,0,0,0,0,0,1,2,0,0,2,0,0,3,0,0,2,0,0,3,0,0,552.7450395763535,141955257.62186304,12070591.544593396,0.005008312714917213,6333228.623603873,0.005128440165129563
228,0,0,0,0,0,0,0,0,1,0,0,0,0,0,0,1,0,0,0,0,0,0,1,0,0,1,0,0,0,0,0,2069.1584987523775,57320087.93698693,214125138.64850542,0.0673606111783435,0.0,0.0
229,0,0,0,0,0,0,0,0,0,0,0,0,0,0,0,0,2,0,0,4,0,0,1,0,0,3,0,0,3,0,0,0.0,149717998.2036217,0.0,0.0,60248825.27173919,0.13340212541630747
230,0,0,0,0,0,0,0,0,0,0,0,0,0,0,0,0,0,0,0,2,0,0,0,0,0,1,0,0,0,0,0,0.0,49139215.98116404,197178163.89020208,0.16796102358649775,97680307.15501529,0.21135927157279433
231,0,0,0,0,0,0,0,0,0,0,0,0,0,0,0,0,2,0,0,3,0,0,0,0,1,2,0,0,1,0,0,0.0,137766484.73321837,8359515.4577587955,0.00939566397036674,100429620.33896998,0.22006917187736774
232,0,0,0,0,0,0,0,0,0,0,0,0,0,0,0,1,2,0,0,3,0,0,0,0,1,1,0,0,2,0,0,2817.2506798356794,139296220.70484436,4854322.171791132,0.0016209276033870973,100429620.33896998,0.07922490187585238
233,0,0,0,0,0,0,0,0,1,0,0,0,0,0,0,1,2,0,0,0,0,0,2,0,0,2,0,0,1,0,0,994.9820175295984,122492315.74160133,30900785.700336915,0.012839487858985574,0.0,0.0
234,0,0,0,0,0,0,0,0,0,0,0,0,0,0,0,1,2,0,0,3,0,0,0,0,1,3,0,0,2,0,0,2722.5674779789947,141428828.09178618,2474134.349713857,0.001059067348634045,100429620.33896998,0.07922490187585238
235,0,0,0,0,0,0,0,0,0,0,0,0,0,0,0,1,2,0,0,3,0,0,0,0,1,2,0,0,1,0,0,2941.922903529342,137766484.73321837,8359515.4577587955,0.0033824390293320265,100429620.33896998,0.07922490187585238
236,0,0,0,0,0,0,0,0,0,0,0,0,0,0,0,0,2,0,0,3,0,0,2,0,0,3,0,0,3,0,0,0.0,146070654.737994,1870865.6509088152,0.0022620637590453274,30497556.685759142,0.06805321537822612
237,0,0,0,0,0,0,0,0,0,0,0,0,0,0,0,1,0,0,0,0,0,0,2,0,0,0,0,0,0,0,0,3519.8689281037914,22167818.198803753,257271563.36801678,0.0840176441791739,0.0,0.0
238,0,0,0,0,0,0,0,0,0,0,0,0,0,0,0,0,2,0,0,3,0,0,0,0,1,1,0,0,2,0,0,0.0,139296220.70484436,4854322.171791132,0.00450257667607527,100429620.33896998,0.22006917187736774
239,0,0,0,0,0,0,0,0,0,0,0,0,0,0,0,1,2,0,0,4,0,0,1,0,0,3,0,0,2,0,0,1634.2009197782322,146944702.12889695,1809806.0964151244,0.000734173186133181,60248825.27173919,0.048024765149870696
240,0,0,0,0,0,0,0,0,0,0,0,0,0,0,0,1,2,0,0,2,0,0,0,0,0,2,0,0,1,0,0,3531.013623200588,112442913.21429539,11087926.005949415,0.0047647201337920565,120520017.87258536,0.09482497023884322
241,0,0,0,0,0,0,0,0,0,0,0,0,0,0,0,2,2,0,0,4,0,0,0,1,0,2,0,0,3,0,0,3534.4156360905017,148596670.7265354,655110.3590959866,6.7664605868099e-05,80339222.80535458,0.026510347297025647
242,0,0,0,0,0,0,0,0,0,0,0,0,0,0,0,0,2,0,0,3,0,0,3,0,0,3,0,0,4,0,0,0.0,151126459.5053687,1870865.6509088152,0.0022620637590453274,6333228.623603873,0.0142456671253599
243,0,0,0,0,0,0,0,0,0,0,0,0,0,0,0,1,2,0,0,2,0,0,1,0,0,2,0,0,3,0,0,1957.922074429282,138056512.79782233,12070591.544593396,0.005008312714917213,60248825.27173919,0.048024765149870696
244,0,0,0,0,0,0,0,1,0,0,0,0,0,0,0,0,2,0,0,0,0,0,2,0,0,1,0,0,1,0,0,0.0,121481035.8317458,32875501.896425363,0.036940145976629084,0.0,0.0
245,0,0,0,0,0,0,0,0,0,0,0,0,0,0,0,1,2,0,0,2,0,0,4,0,0,0,0,0,3,0,0,1038.9244387299616,136828524.4932863,27541127.976973146,0.008427830962638511,0.0,0.0
246,0,0,0,0,0,0,0,0,0,0,0,0,0,0,0,0,2,0,0,3,0,0,0,0,1,0,0,0,1,0,0,0.0,130434404.51369661,18602835.298583657,0.01554255077887698,100429620.33896998,0.22006917187736774
247,0,0,0,0,0,0,0,0,0,0,0,0,0,0,0,1,2,0,0,2,0,0,0,1,0,2,0,0,3,0,0,2482.2859240197176,138056512.79782233,11743036.365045402,0.004927115187875494,80339222.80535458,0.06362483351286154
248,0,0,0,0,0,0,0,0,0,0,0,0,0,0,0,1,0,3,0,0,0,0,0,0,0,3,0,0,0,0,0,5556.947505280272,50744913.350984335,133462414.65185821,0.0479191886103866,106061390.57694581,0.08273280162126923
249,0,0,0,0,0,0,0,0,0,0,0,0,0,0,0,0,2,0,0,2,0,0,0,1,0,1,0,0,2,0,0,0.0,134271936.81324205,15727336.751632852,0.01686158259666209,80339222.80535458,0.1767356486468376
250,0,0,0,0,0,0,0,0,0,0,0,0,0,0,0,1,2,0,0,0,2,0,0,0,0,0,0,0,0,0,0,4987.785270238393,80073618.90859988,53363715.78245881,0.020432735729687502,117097322.67769393,0.09190149134216244
251,0,0,0,0,0,0,0,0,0,0,0,0,0,0,0,1,2,0,0,4,0,0,0,0,1,2,0,0,3,0,0,2653.329503329656,148596670.7265354,327555.1795479933,8.119752704171878e-05,100429620.33896998,0.07922490187585238
252,0,0,0,0,0,0,0,0,0,0,0,0,0,0,0,0,2,0,0,3,0,0,4,0,0,3,0,0,4,0,0,0.0,153331806.59631377,1870865.6509088152,0.0022620637590453274,0.0,0.0
253,0,0,0,0,0,0,0,0,0,0,0,0,0,0,0,1,2,0,0,3,0,0,0,0,1,3,0,0,1,0,0,2929.4388083634512,138887812.21030465,8031960.278210802,0.003301241502290308,100429620.33896998,0.07922490187585238
254,0,0,0,0,0,0,0,0,0,0,0,0,0,0,0,0,2,0,0,1,0,0,2,0,0,2,0,0,2,0,0,0.0,132578453.57484691,22881708.900188833,0.026737240468412665,26953070.650361806,0.06007339674367861
255,0,0,0,0,0,0,0,0,0,0,0,0,0,0,0,0,2,0,0,3,0,0,0,0,1,3,0,0,2,0,0,0.0,141428828.09178618,2474134.349713857,0.00294185374620568,100429620.33896998,0.22006917187736774
256,0,0,0,0,0,0,0,0,0,0,0,0,0,0,0,1,2,0,0,1,0,0,0,0,1,1,0,0,2,0,0,3416.345562053922,129698643.09350832,24647931.18692908,0.010035421470484678,99140799.12714238,0.07811412730191339
257,0,0,0,0,0,0,0,0,0,0,0,0,0,0,0,1,2,0,0,3,0,0,0,0,1,2,0,0,2,0,0,2735.051573144886,140307500.6146999,2801689.5292618503,0.0011402648756757637,100429620.33896998,0.07922490187585238
258,0,0,0,0,0,0,0,0,0,0,0,0,0,0,0,1,2,0,0,1,0,0,0,0,1,1,0,0,1,0,0,3594.3561136237895,127157627.2120268,29428108.073221486,0.01196277543027167,99140799.12714238,0.07811412730191339
259,0,0,0,0,0,0,0,0,0,0,0,0,0,0,0,0,2,0,0,2,0,0,0,0,1,3,0,0,2,0,0,0.0,136404544.20018387,11691194.704754457,0.013915123692138289,100429620.33896998,0.22006917187736774
260,0,0,0,0,0,0,0,0,0,0,0,0,0,0,0,0,2,0,0,2,0,0,3,0,0,3,0,0,3,0,0,0.0,143076585.0989493,11087926.005949415,0.013235333704977936,6333228.623603873,0.0142456671253599
261,0,0,0,0,0,0,0,0,0,0,0,0,0,0,0,1,2,0,0,3,0,0,0,1,0,2,0,0,2,0,0,2233.038190596824,140307500.6146999,3732513.407614885,0.0014661867980952095,80339222.80535458,0.06362483351286154
262,0,0,0,0,0,0,0,0,0,0,0,0,0,0,0,0,2,0,0,1,0,0,0,0,1,1,0,0,1,0,0,0.0,127157627.2120268,29428108.073221486,0.03322993175075464,99140799.12714238,0.21698368694975942
263,0,0,0,0,0,0,0,0,0,0,0,0,0,0,0,1,1,0,0,0,2,0,0,0,0,1,0,0,0,0,0,4919.703445815801,81834117.07532597,68038341.06404817,0.02574530858588873,117097322.67769393,0.09190149134216244
264,0,0,0,0,0,0,0,0,0,0,0,0,0,0,0,0,0,0,0,0,0,0,2,0,0,0,0,0,0,0,0,0.0,22167818.198803753,257271563.36801678,0.23338234494214977,0.0,0.0
265,0,0,0,0,0,0,0,0,0,0,0,0,0,0,0,1,2,0,0,4,0,0,0,1,0,3,0,0,2,0,0,2148.6983974921854,146944702.12889695,1206537.397610083,0.000489448790755454,80339222.80535458,0.06362483351286154
266,0,0,0,0,0,0,0,0,0,0,0,0,0,0,0,0,2,0,0,0,4,0,0,0,0,1,0,0,1,0,0,0.0,121971791.23315296,21708697.980679244,0.024472199671138443,117097322.67769393,0.25528192039489567
267,0,0,0,0,0,0,0,0,0,0,0,0,0,0,0,1,2,0,0,0,4,0,0,0,0,0,0,0,1,0,0,4083.0325135017238,115650990.92348671,28197642.715713076,0.01018449112635121,117097322.67769393,0.09190149134216244
268,0,0,0,0,0,0,0,0,0,0,0,0,0,0,0,0,0,0,0,0,0,0,1,0,0,1,0,0,0,0,0,0.0,26620087.93698693,252461698.9104512,0.2305927880489977,17179643.453084275,0.0376678106419844
269,0,0,0,0,0,0,0,0,0,0,0,0,0,0,0,1,2,0,0,1,0,0,0,1,0,2,0,0,2,0,0,2772.8237097784145,130709923.00336385,22738503.722294316,0.009590082655700953,77922569.18174213,0.06163307887167349
270,0,0,0,0,0,0,0,0,0,0,0,0,0,0,0,0,2,0,0,0,1,0,0,0,0,2,0,0,0,0,0,0.0,82832405.4083879,53565881.0904081,0.061174721711514106,116989996.81099877,0.25485637501213654
271,0,0,0,0,0,0,0,0,0,0,0,0,0,0,0,1,2,0,0,0,1,0,0,0,0,1,0,0,0,0,0,4950.474777279658,81821125.49853238,54450882.6211289,0.022228046282315256,116989996.81099877,0.09174829500436915
272,0,0,0,0,0,0,0,0,0,0,0,0,0,0,0,2,2,0,0,0,4,0,0,0,0,0,0,0,0,0,0,7889.458320072303,90613776.83731297,45971765.11182587,0.007190106516872002,117097322.67769393,0.03829228805923436
273,0,0,0,0,0,0,0,0,0,0,0,0,0,0,0,1,2,0,0,4,0,0,0,0,0,1,0,0,0,0,0,4018.2063266067025,96934577.14697921,22242844.303907193,0.008636594060246989,120520017.87258536,0.09482497023884322
274,0,0,0,0,0,0,0,0,0,0,0,0,0,0,0,1,2,0,0,3,0,0,0,0,1,1,0,0,1,0,0,3024.122010220136,136755204.82336286,10412148.100288078,0.00386310175704336,100429620.33896998,0.07922490187585238
275,0,0,0,0,0,0,0,1,0,0,0,0,0,0,0,0,2,0,0,0,0,0,2,0,0,3,0,0,1,0,0,0.0,123613643.21868761,30900785.700336915,0.03566524405273771,0.0,0.0
276,0,0,0,0,0,0,0,0,0,0,0,0,0,0,0,1,2,0,0,4,0,0,0,0,0,2,0,0,1,0,0,3177.693352920091,122983071.14300847,0.0,0.0,120520017.87258536,0.09482497023884322
277,0,0,0,0,0,0,0,0,0,0,0,0,0,0,0,1,2,0,0,0,0,3,0,0,0,1,0,0,0,0,0,4945.49929817323,91418703.10986844,57346418.33331315,0.023398366382341305,113674627.4828025,0.08897801244548165
278,0,0,0,0,0,0,0,0,0,0,0,0,0,0,0,0,2,0,0,0,0,3,0,0,0,1,0,0,0,0,0,0.0,91418703.10986844,57346418.33331315,0.06499546217317029,113674627.4828025,0.2471611456818935
279,0,0,0,0,0,0,0,0,0,0,0,0,0,0,0,3,2,0,0,3,0,0,4,0,0,2,0,0,4,0,0,327.66035378349653,152210479.1192275,4503311.971241333,0.0004909452910013499,0.0,0.0
280,0,0,0,0,0,0,0,0,0,0,0,0,0,0,0,3,2,0,0,0,4,0,0,0,0,3,0,0,1,0,0,7769.471021104042,124104398.62009475,20823696.449958444,0.0028682818051465548,117097322.67769393,0.030633830447387482
281,0,0,0,0,0,0,0,0,0,0,0,0,0,0,0,0,2,0,0,3,0,0,3,0,0,2,0,0,4,0,0,0.0,150005132.02828243,4477125.711379097,0.004062907614686559,6333228.623603873,0.0142456671253599
282,0,0,0,0,0,0,0,0,0,0,0,0,0,0,0,1,2,0,0,0,2,0,0,0,0,1,0,0,0,0,0,4707.504392114822,86394419.21826613,46874771.04742499,0.01905823648494613,117097322.67769393,0.09190149134216244
283,0,0,0,0,0,0,0,0,0,0,0,0,0,0,0,1,2,0,0,4,0,0,0,1,0,2,0,0,2,0,0,2173.6665878239673,145823374.65181068,1861647.7567060697,0.0006518438448388916,80339222.80535458,0.06362483351286154
284,0,0,0,0,0,0,0,0,0,0,0,0,0,0,0,1,2,0,0,1,0,0,4,0,0,3,0,0,2,0,0,718.4667635111995,137935342.39543587,22452093.36650528,0.009519434829845737,0.0,0.0
285,0,0,0,0,0,0,0,0,0,0,0,0,0,0,0,0,0,0,0,1,0,0,0,0,0,1,0,0,0,0,0,0.0,44565922.26143029,198957685.49473372,0.17001511811066,97680307.15501529,0.21135927157279433
286,0,0,0,0,0,0,0,0,0,0,0,0,0,0,0,0,0,0,0,0,0,0,2,0,0,1,0,0,0,0,0,0.0,28488618.508469995,252461698.9104512,0.2305927880489977,0.0,0.0
287,0,0,0,0,0,0,0,0,1,0,0,0,0,0,0,1,2,0,0,0,0,0,2,0,0,0,0,0,1,0,0,1576.5028170222017,115160235.52207956,44469674.02124442,0.015746103632160786,0.0,0.0
288,0,0,0,0,0,0,0,0,0,0,0,0,0,0,0,0,2,0,0,2,0,0,0,0,2,0,0,0,2,0,0,0.0,129819667.07505888,22357314.52930491,0.020390503532097065,90512530.81030995,0.19828620186467394
289,0,0,0,0,0,0,0,1,0,0,0,0,0,0,0,1,1,0,0,0,0,0,2,0,0,1,0,0,1,0,0,1286.7462795961856,116920733.68880565,54039071.91304855,0.01998552465252907,0.0,0.0
290,0,0,0,0,0,0,0,0,0,0,0,0,0,0,0,0,0,0,0,1,0,0,0,0,0,0,0,0,0,0,0,0.0,38245121.951764055,203767549.95229924,0.17280467500381205,97680307.15501529,0.21135927157279433
291,0,0,0,0,0,0,0,0,0,0,0,0,0,0,0,0,2,0,0,0,3,0,0,0,0,5,0,0,0,0,0,0.0,96166674.48645663,39845062.61334378,0.045054181199311476,117097322.67769393,0.25528192039489567
292,0,0,0,0,0,0,0,0,0,0,0,0,0,0,0,1,2,0,0,2,0,0,0,0,1,2,0,0,1,0,0,3235.8715710369825,132742200.84161608,17576575.812799394,0.007332816209867766,100429620.33896998,0.07922490187585238
293,0,0,0,0,0,0,0,0,0,0,0,0,0,0,0,1,1,0,0,0,3,0,0,0,0,2,0,0,0,0,0,4688.0022847557275,87869680.87678382,61008632.629966974,0.02290657733269473,117097322.67769393,0.09190149134216244
294,0,0,0,0,0,0,0,0,0,0,0,0,0,0,0,0,2,0,0,2,0,0,0,0,1,0,0,0,1,0,0,0.0,125410120.6220943,27819895.65362426,0.02651582072480959,100429620.33896998,0.22006917187736774
295,0,0,0,0,0,0,0,0,0,0,0,0,0,0,0,1,2,0,0,4,0,0,2,0,0,3,0,0,2,0,0,853.8075223917542,148813232.70038003,1809806.0964151244,0.000734173186133181,30497556.685759142,0.0244991575361614
296,0,0,0,0,0,0,0,0,0,0,0,0,0,0,0,0,2,0,0,0,3,0,0,0,0,3,0,0,1,0,0,0.0,118588524.58298397,22070940.21723099,0.025410390882251506,117097322.67769393,0.25528192039489567
297,0,0,0,0,0,0,0,0,0,0,0,0,0,0,0,0,2,0,0,1,0,0,2,0,0,1,0,0,2,0,0,0.0,131567173.66499138,28778393.98760165,0.030540315550246146,26953070.650361806,0.06007339674367861
298,0,0,0,0,0,0,0,0,0,0,0,0,0,0,0,1,2,0,0,0,0,3,0,0,0,2,0,0,0,0,0,4927.631606812407,92429983.01972395,56903917.56795275,0.023295793149256217,113674627.4828025,0.08897801244548165
299,0,0,0,0,0,0,0,0,0,0,0,0,0,0,0,0,2,0,0,4,0,0,0,1,0,3,0,0,2,0,0,0.0,146944702.12889695,1206537.397610083,0.0013595799743207058,80339222.80535458,0.1767356486468376
300,0,0,0,0,0,0,0,0,0,0,0,0,0,0,0,0,2,0,0,0,2,0,0,0,0,2,0,0,1,0,0,0.0,112442913.21429539,28215647.120591387,0.03272590417953991,117097322.67769393,0.25528192039489567
301,0,0,0,0,0,0,0,0,0,0,0,0,0,0,0,1,0,0,0,2,0,0,0,0,0,1,0,0,0,0,0,4121.891358630759,49139215.98116404,197178163.89020208,0.060465968491139194,97680307.15501529,0.07608933776620595
302,0,0,0,0,0,0,0,0,0,0,0,0,0,0,0,1,2,0,0,2,0,0,0,0,2,0,0,0,1,0,0,3413.8474768301776,127278651.19357736,27915140.457801856,0.009582755425211205,90512530.81030995,0.07138303267128261
303,0,0,0,0,0,0,0,0,0,0,0,0,0,0,0,0,2,0,0,2,0,0,0,1,0,2,0,0,3,0,0,0.0,138056512.79782233,11743036.365045402,0.013686431077431928,80339222.80535458,0.1767356486468376
304,0,0,0,0,0,0,0,0,0,0,0,0,0,0,0,0,2,0,0,2,0,0,0,0,1,2,0,0,2,0,0,0.0,135283216.7230976,12018749.88430245,0.014140672378365285,100429620.33896998,0.22006917187736774
305,0,0,0,0,0,0,0,0,0,0,0,0,0,0,0,0,2,0,0,3,0,0,0,0,2,0,0,0,1,0,0,0.0,132302935.08517967,18698080.102761254,0.01564549512409852,90512530.81030995,0.19828620186467394
306,0,0,0,0,0,0,0,0,0,0,0,0,0,0,0,0,2,0,0,4,0,0,0,0,1,2,0,0,2,0,0,0.0,145823374.65181068,930823.8783530348,0.0009053386733873496,100429620.33896998,0.22006917187736774
307,0,0,0,0,0,0,0,1,0,0,0,0,0,0,0,0,0,0,0,0,0,0,1,0,0,0,0,0,0,0,0,0.0,50999287.62732069,218935003.10607097,0.18990236572188401,0.0,0.0
308,0,0,0,0,0,0,0,0,0,0,0,0,0,0,0,1,2,0,0,0,3,0,0,0,0,3,0,0,1,0,0,3806.597321171743,118588524.58298397,22070940.21723099,0.009147740717610544,117097322.67769393,0.09190149134216244
309,0,0,0,0,0,0,0,0,0,0,0,0,0,0,0,2,2,0,0,0,1,0,0,0,0,3,0,0,0,0,0,8159.235322996697,83953732.88547418,53565881.0904081,0.009176208256727117,116989996.81099877,0.03822845625182049
310,0,0,0,0,0,0,0,0,0,0,0,0,0,0,0,1,2,0,0,0,2,0,0,0,0,1,0,0,1,0,0,4038.2984822318167,111431633.30443984,29100648.651312187,0.011986471970804543,117097322.67769393,0.09190149134216244
311,0,0,0,0,0,0,0,0,0,0,0,0,0,0,0,0,2,0,0,2,0,0,0,0,1,2,0,0,1,0,0,0.0,132742200.84161608,17576575.812799394,0.020368933916299348,100429620.33896998,0.22006917187736774
312,0,0,0,0,0,0,0,0,0,0,0,0,0,0,0,0,2,0,0,2,0,0,0,0,2,2,0,0,2,0,0,0.0,137151747.29458064,12018749.88430245,0.014140672378365285,90512530.81030995,0.19828620186467394
313,0,0,0,0,0,0,0,0,0,0,0,0,0,0,0,0,2,0,0,4,0,0,3,0,0,3,0,0,5,0,0,0.0,159941892.8255769,0.0,0.0,6333228.623603873,0.0142456671253599
314,0,0,0,0,0,0,0,1,1,0,0,0,0,0,0,3,2,0,0,0,0,0,0,0,0,3,0,0,2,0,0,2882.0415575657207,134686840.90136537,21876325.631742135,0.0030158381717715205,25966728.47359944,0.006739507852826732
315,0,0,0,0,0,0,0,0,0,0,0,0,0,0,0,2,2,0,0,1,0,0,4,0,0,1,0,0,2,0,0,1614.8365345481625,135802735.00849408,28778393.98760165,0.004581047332536922,0.0,0.0
316,0,0,0,0,0,0,0,0,0,0,0,0,0,0,0,0,2,0,0,1,0,0,0,1,0,1,0,0,2,0,0,0.0,129698643.09350832,25516266.711271685,0.02845469003296766,77922569.18174213,0.1712029968657597
317,0,0,0,0,0,0,0,0,0,0,0,0,0,0,0,0,2,0,0,0,2,0,0,0,0,1,0,0,1,0,0,0.0,111431633.30443984,29100648.651312187,0.03329575547445707,117097322.67769393,0.25528192039489567
318,0,0,0,0,0,0,0,0,0,0,0,0,0,0,0,1,2,0,0,0,2,0,0,0,0,2,0,0,1,0,0,4002.56309951017,112442913.21429539,28215647.120591387,0.011781325504634368,117097322.67769393,0.09190149134216244
319,0,0,0,0,0,0,0,0,0,0,0,0,0,0,0,1,2,0,0,4,0,0,0,0,1,3,0,0,2,0,0,2663.195875206138,146944702.12889695,603268.6988050415,0.000244724395377727,100429620.33896998,0.07922490187585238
